task,dataset,repeat,seed,method,final_utility,normalized_auc,utility_at_call_10,utility_at_call_20,utility_at_call_60,calls_to_95pct_oracle_gain,reached_95pct_oracle_gain,final_utility_matches_oracle,base_utility,oracle_utility,final_gap_to_oracle
classification,red,0,31000,Data-Bandit,0.7708333333333334,0.7679861111111113,0.7708333333333334,0.7708333333333334,0.7708333333333334,7,1,0,0.6666666666666666,0.775,0.004166666666666652
classification,red,0,31000,Data-All,0.775,0.75625,0.75,0.7625,0.775,25,1,1,0.6666666666666666,0.775,0.0
classification,red,0,31000,Data-Alt,0.775,0.768611111111111,0.7625,0.775,0.775,11,1,1,0.6666666666666666,0.775,0.0
classification,red,0,31000,AutoML,0.6625,0.6625000000000001,0.6625,0.6625,0.6625,61,0,0,0.6666666666666666,0.775,0.11250000000000004
classification,red,1,31001,Data-Bandit,0.7583333333333333,0.7558333333333332,0.7583333333333333,0.7583333333333333,0.7583333333333333,5,1,1,0.6708333333333333,0.7583333333333333,0.0
classification,red,1,31001,Data-All,0.7583333333333333,0.7446527777777777,0.7416666666666667,0.7541666666666667,0.7583333333333333,18,1,1,0.6708333333333333,0.7583333333333333,0.0
classification,red,1,31001,Data-Alt,0.7583333333333333,0.7546527777777777,0.7541666666666667,0.7583333333333333,0.7583333333333333,9,1,1,0.6708333333333333,0.7583333333333333,0.0
classification,red,1,31001,AutoML,0.6666666666666666,0.6666666666666664,0.6666666666666666,0.6666666666666666,0.6666666666666666,61,0,0,0.6708333333333333,0.7583333333333333,0.09166666666666667
classification,red,2,31002,Data-Bandit,0.7708333333333334,0.7661111111111113,0.7666666666666667,0.7708333333333334,0.7708333333333334,61,0,0,0.6583333333333333,0.7791666666666667,0.008333333333333304
classification,red,2,31002,Data-All,0.7791666666666667,0.7513194444444447,0.7458333333333333,0.7291666666666666,0.7791666666666667,29,1,1,0.6583333333333333,0.7791666666666667,0.0
classification,red,2,31002,Data-Alt,0.7791666666666667,0.7689583333333335,0.7291666666666666,0.7791666666666667,0.7791666666666667,17,1,1,0.6583333333333333,0.7791666666666667,0.0
classification,red,2,31002,AutoML,0.65,0.6499999999999999,0.65,0.65,0.65,61,0,0,0.6583333333333333,0.7791666666666667,0.12916666666666665
classification,red,3,31003,Data-Bandit,0.7583333333333333,0.7541666666666665,0.7583333333333333,0.7583333333333333,0.7583333333333333,8,1,1,0.6416666666666667,0.7583333333333333,0.0
classification,red,3,31003,Data-All,0.7583333333333333,0.7388888888888888,0.7291666666666666,0.7416666666666667,0.7583333333333333,24,1,1,0.6416666666666667,0.7583333333333333,0.0
classification,red,3,31003,Data-Alt,0.7583333333333333,0.7501388888888888,0.7416666666666667,0.7583333333333333,0.7583333333333333,18,1,1,0.6416666666666667,0.7583333333333333,0.0
classification,red,3,31003,AutoML,0.6416666666666667,0.6411111111111112,0.6416666666666667,0.6416666666666667,0.6416666666666667,61,0,0,0.6416666666666667,0.7583333333333333,0.11666666666666659
classification,red,4,31004,Data-Bandit,0.7166666666666667,0.7156944444444446,0.7166666666666667,0.7166666666666667,0.7166666666666667,2,1,0,0.6541666666666667,0.7208333333333333,0.004166666666666652
classification,red,4,31004,Data-All,0.7208333333333333,0.7093749999999999,0.725,0.7166666666666667,0.7208333333333333,7,1,1,0.6541666666666667,0.7208333333333333,0.0
classification,red,4,31004,Data-Alt,0.7125,0.7114583333333333,0.7,0.7125,0.7125,2,1,0,0.6541666666666667,0.7208333333333333,0.008333333333333304
classification,red,4,31004,AutoML,0.6125,0.615972222222222,0.6125,0.6125,0.6125,61,0,0,0.6541666666666667,0.7208333333333333,0.10833333333333328
classification,red,5,31005,Data-Bandit,0.7125,0.7088888888888889,0.7041666666666667,0.7125,0.7125,61,0,0,0.675,0.7375,0.025000000000000022
classification,red,5,31005,Data-All,0.7375,0.7090277777777776,0.7041666666666667,0.7083333333333334,0.7375,54,1,1,0.675,0.7375,0.0
classification,red,5,31005,Data-Alt,0.7083333333333334,0.7077083333333334,0.7083333333333334,0.7083333333333334,0.7083333333333334,61,0,0,0.675,0.7375,0.029166666666666674
classification,red,5,31005,AutoML,0.6541666666666667,0.6555555555555557,0.6541666666666667,0.6541666666666667,0.6541666666666667,61,0,0,0.675,0.7375,0.08333333333333337
classification,red,6,31006,Data-Bandit,0.7666666666666667,0.76375,0.7666666666666667,0.7666666666666667,0.7666666666666667,3,1,0,0.6166666666666667,0.7541666666666667,-0.012500000000000067
classification,red,6,31006,Data-All,0.7541666666666667,0.7466666666666669,0.7458333333333333,0.7666666666666667,0.7541666666666667,13,1,1,0.6166666666666667,0.7541666666666667,0.0
classification,red,6,31006,Data-Alt,0.7708333333333334,0.7665972222222224,0.7666666666666667,0.7708333333333334,0.7708333333333334,3,1,0,0.6166666666666667,0.7541666666666667,-0.01666666666666672
classification,red,6,31006,AutoML,0.5958333333333333,0.5975694444444443,0.5958333333333333,0.5958333333333333,0.5958333333333333,61,0,0,0.6166666666666667,0.7541666666666667,0.15833333333333333
classification,red,7,31007,Data-Bandit,0.7791666666666667,0.7727777777777779,0.7541666666666667,0.7791666666666667,0.7791666666666667,2,1,0,0.6666666666666666,0.7458333333333333,-0.033333333333333326
classification,red,7,31007,Data-All,0.7458333333333333,0.7379166666666666,0.7458333333333333,0.7458333333333333,0.7458333333333333,7,1,1,0.6666666666666666,0.7458333333333333,0.0
classification,red,7,31007,Data-Alt,0.7458333333333333,0.7445138888888887,0.7458333333333333,0.7458333333333333,0.7458333333333333,2,1,1,0.6666666666666666,0.7458333333333333,0.0
classification,red,7,31007,AutoML,0.6666666666666666,0.6666666666666664,0.6666666666666666,0.6666666666666666,0.6666666666666666,61,0,0,0.6666666666666666,0.7458333333333333,0.07916666666666672
classification,red,8,31008,Data-Bandit,0.7333333333333333,0.7338888888888888,0.7416666666666667,0.7333333333333333,0.7333333333333333,61,0,0,0.7,0.7583333333333333,0.025000000000000022
classification,red,8,31008,Data-All,0.7583333333333333,0.7435416666666667,0.7458333333333333,0.7416666666666667,0.7583333333333333,24,1,1,0.7,0.7583333333333333,0.0
classification,red,8,31008,Data-Alt,0.7583333333333333,0.7520833333333333,0.7416666666666667,0.7583333333333333,0.7583333333333333,18,1,1,0.7,0.7583333333333333,0.0
classification,red,8,31008,AutoML,0.7,0.6953472222222224,0.7,0.7,0.7,61,0,0,0.7,0.7583333333333333,0.05833333333333335
classification,red,9,31009,Data-Bandit,0.7083333333333334,0.7091666666666668,0.7083333333333334,0.7083333333333334,0.7083333333333334,1,1,1,0.7125,0.7083333333333334,0.0
classification,red,9,31009,Data-All,0.7083333333333334,0.7097916666666667,0.7375,0.7208333333333333,0.7083333333333334,1,1,1,0.7125,0.7083333333333334,0.0
classification,red,9,31009,Data-Alt,0.7041666666666667,0.7118749999999998,0.7208333333333333,0.7041666666666667,0.7041666666666667,1,1,0,0.7125,0.7083333333333334,0.004166666666666652
classification,red,9,31009,AutoML,0.6708333333333333,0.6736111111111112,0.6708333333333333,0.6708333333333333,0.6708333333333333,1,1,0,0.7125,0.7083333333333334,0.03750000000000009
classification,red,10,31010,Data-Bandit,0.7,0.7036805555555558,0.7208333333333333,0.7,0.7,4,1,1,0.6375,0.7,0.0
classification,red,10,31010,Data-All,0.7,0.6963194444444447,0.6875,0.7083333333333334,0.7,18,1,1,0.6375,0.7,0.0
classification,red,10,31010,Data-Alt,0.6958333333333333,0.6936805555555554,0.7083333333333334,0.6958333333333333,0.6958333333333333,8,1,0,0.6375,0.7,0.004166666666666652
classification,red,10,31010,AutoML,0.6375,0.6375000000000003,0.6375,0.6375,0.6375,61,0,0,0.6375,0.7,0.0625
classification,red,11,31011,Data-Bandit,0.7625,0.7601388888888891,0.7625,0.7625,0.7625,2,1,1,0.6875,0.7625,0.0
classification,red,11,31011,Data-All,0.7625,0.7450694444444447,0.7583333333333333,0.7583333333333333,0.7625,11,1,1,0.6875,0.7625,0.0
classification,red,11,31011,Data-Alt,0.7375,0.7399305555555553,0.7583333333333333,0.7375,0.7375,8,1,0,0.6875,0.7625,0.02499999999999991
classification,red,11,31011,AutoML,0.6666666666666666,0.6677083333333331,0.6666666666666666,0.6666666666666666,0.6666666666666666,61,0,0,0.6875,0.7625,0.09583333333333333
classification,red,12,31012,Data-Bandit,0.7208333333333333,0.7181944444444442,0.7208333333333333,0.7208333333333333,0.7208333333333333,61,0,0,0.6625,0.7416666666666667,0.02083333333333337
classification,red,12,31012,Data-All,0.7416666666666667,0.7172916666666667,0.7,0.7,0.7416666666666667,36,1,1,0.6625,0.7416666666666667,0.0
classification,red,12,31012,Data-Alt,0.7208333333333333,0.7171527777777775,0.7,0.7208333333333333,0.7208333333333333,61,0,0,0.6625,0.7416666666666667,0.02083333333333337
classification,red,12,31012,AutoML,0.6333333333333333,0.6353472222222223,0.6333333333333333,0.6333333333333333,0.6333333333333333,61,0,0,0.6625,0.7416666666666667,0.10833333333333339
classification,red,13,31013,Data-Bandit,0.7375,0.738472222222222,0.7541666666666667,0.7375,0.7375,2,1,1,0.6666666666666666,0.7375,0.0
classification,red,13,31013,Data-All,0.7375,0.7288888888888887,0.7375,0.7375,0.7375,7,1,1,0.6666666666666666,0.7375,0.0
classification,red,13,31013,Data-Alt,0.7375,0.735833333333333,0.7375,0.7375,0.7375,2,1,1,0.6666666666666666,0.7375,0.0
classification,red,13,31013,AutoML,0.6333333333333333,0.6355555555555555,0.6333333333333333,0.6333333333333333,0.6333333333333333,61,0,0,0.6666666666666666,0.7375,0.10416666666666674
classification,red,14,31014,Data-Bandit,0.725,0.7235416666666669,0.7083333333333334,0.725,0.725,2,1,1,0.6875,0.725,0.0
classification,red,14,31014,Data-All,0.725,0.7311805555555556,0.725,0.7208333333333333,0.725,7,1,1,0.6875,0.725,0.0
classification,red,14,31014,Data-Alt,0.75,0.7420138888888889,0.7208333333333333,0.7541666666666667,0.75,2,1,0,0.6875,0.725,-0.025000000000000022
classification,red,14,31014,AutoML,0.6875,0.6875,0.6875,0.6875,0.6875,61,0,0,0.6875,0.725,0.03749999999999998
classification,white,0,32000,Data-Bandit,0.7291666666666666,0.7240277777777777,0.7041666666666667,0.7291666666666666,0.7291666666666666,11,1,0,0.6458333333333334,0.7208333333333333,-0.008333333333333304
classification,white,0,32000,Data-All,0.7208333333333333,0.7094444444444442,0.7041666666666667,0.7208333333333333,0.7208333333333333,17,1,1,0.6458333333333334,0.7208333333333333,0.0
classification,white,0,32000,Data-Alt,0.7,0.6993750000000003,0.7,0.7,0.7,61,0,0,0.6458333333333334,0.7208333333333333,0.02083333333333337
classification,white,0,32000,AutoML,0.6458333333333334,0.645138888888889,0.6458333333333334,0.6458333333333334,0.6458333333333334,61,0,0,0.6458333333333334,0.7208333333333333,0.07499999999999996
classification,white,1,32001,Data-Bandit,0.7208333333333333,0.7206249999999998,0.7208333333333333,0.7208333333333333,0.7208333333333333,2,1,1,0.6583333333333333,0.7208333333333333,0.0
classification,white,1,32001,Data-All,0.7208333333333333,0.7147916666666665,0.725,0.7291666666666666,0.7208333333333333,7,1,1,0.6583333333333333,0.7208333333333333,0.0
classification,white,1,32001,Data-Alt,0.7166666666666667,0.7185416666666669,0.7291666666666666,0.7166666666666667,0.7166666666666667,2,1,0,0.6583333333333333,0.7208333333333333,0.004166666666666652
classification,white,1,32001,AutoML,0.6541666666666667,0.6544444444444447,0.6541666666666667,0.6541666666666667,0.6541666666666667,61,0,0,0.6583333333333333,0.7208333333333333,0.06666666666666665
classification,white,2,32002,Data-Bandit,0.7333333333333333,0.7346527777777777,0.7291666666666666,0.7333333333333333,0.7333333333333333,11,1,1,0.7208333333333333,0.7333333333333333,0.0
classification,white,2,32002,Data-All,0.7333333333333333,0.7314583333333334,0.7291666666666666,0.7333333333333333,0.7333333333333333,11,1,1,0.7208333333333333,0.7333333333333333,0.0
classification,white,2,32002,Data-Alt,0.7333333333333333,0.732638888888889,0.7333333333333333,0.7333333333333333,0.7333333333333333,8,1,1,0.7208333333333333,0.7333333333333333,0.0
classification,white,2,32002,AutoML,0.7208333333333333,0.7204861111111109,0.7208333333333333,0.7208333333333333,0.7208333333333333,61,0,0,0.7208333333333333,0.7333333333333333,0.012499999999999956
classification,white,3,32003,Data-Bandit,0.7333333333333333,0.7325,0.7333333333333333,0.7333333333333333,0.7333333333333333,2,1,1,0.675,0.7333333333333333,0.0
classification,white,3,32003,Data-All,0.7333333333333333,0.7316666666666668,0.7333333333333333,0.7458333333333333,0.7333333333333333,7,1,1,0.675,0.7333333333333333,0.0
classification,white,3,32003,Data-Alt,0.7333333333333333,0.7338888888888888,0.7458333333333333,0.7333333333333333,0.7333333333333333,2,1,1,0.675,0.7333333333333333,0.0
classification,white,3,32003,AutoML,0.6666666666666666,0.6666666666666664,0.6666666666666666,0.6666666666666666,0.6666666666666666,61,0,0,0.675,0.7333333333333333,0.06666666666666665
classification,white,4,32004,Data-Bandit,0.7166666666666667,0.7127083333333335,0.7166666666666667,0.7166666666666667,0.7166666666666667,10,1,1,0.65,0.7166666666666667,0.0
classification,white,4,32004,Data-All,0.7166666666666667,0.6902083333333333,0.6916666666666667,0.6916666666666667,0.7166666666666667,54,1,1,0.65,0.7166666666666667,0.0
classification,white,4,32004,Data-Alt,0.6916666666666667,0.690902777777778,0.6916666666666667,0.6916666666666667,0.6916666666666667,61,0,0,0.65,0.7166666666666667,0.025000000000000022
classification,white,4,32004,AutoML,0.65,0.6496527777777776,0.65,0.65,0.65,61,0,0,0.65,0.7166666666666667,0.06666666666666665
classification,white,5,32005,Data-Bandit,0.7875,0.7863888888888889,0.7875,0.7875,0.7875,2,1,0,0.7291666666666666,0.7833333333333333,-0.004166666666666652
classification,white,5,32005,Data-All,0.7833333333333333,0.7772222222222221,0.7791666666666667,0.8083333333333333,0.7833333333333333,13,1,1,0.7291666666666666,0.7833333333333333,0.0
classification,white,5,32005,Data-Alt,0.7875,0.7909722222222222,0.8083333333333333,0.7791666666666667,0.7875,3,1,0,0.7291666666666666,0.7833333333333333,-0.004166666666666652
classification,white,5,32005,AutoML,0.7166666666666667,0.7164583333333335,0.7166666666666667,0.7166666666666667,0.7166666666666667,61,0,0,0.7291666666666666,0.7833333333333333,0.06666666666666665
classification,white,6,32006,Data-Bandit,0.7583333333333333,0.7565972222222221,0.775,0.7583333333333333,0.7583333333333333,10,1,1,0.6833333333333333,0.7583333333333333,0.0
classification,white,6,32006,Data-All,0.7583333333333333,0.7475694444444445,0.7291666666666666,0.75,0.7583333333333333,24,1,1,0.6833333333333333,0.7583333333333333,0.0
classification,white,6,32006,Data-Alt,0.7583333333333333,0.7486805555555556,0.7416666666666667,0.7416666666666667,0.7583333333333333,26,1,1,0.6833333333333333,0.7583333333333333,0.0
classification,white,6,32006,AutoML,0.6833333333333333,0.6827777777777777,0.6833333333333333,0.6833333333333333,0.6833333333333333,61,0,0,0.6833333333333333,0.7583333333333333,0.07499999999999996
classification,white,7,32007,Data-Bandit,0.7583333333333333,0.755625,0.7583333333333333,0.7583333333333333,0.7583333333333333,3,1,0,0.6416666666666667,0.7458333333333333,-0.012499999999999956
classification,white,7,32007,Data-All,0.7458333333333333,0.737222222222222,0.7166666666666667,0.7583333333333333,0.7458333333333333,11,1,1,0.6416666666666667,0.7458333333333333,0.0
classification,white,7,32007,Data-Alt,0.7458333333333333,0.745486111111111,0.7583333333333333,0.7458333333333333,0.7458333333333333,3,1,1,0.6416666666666667,0.7458333333333333,0.0
classification,white,7,32007,AutoML,0.6416666666666667,0.6416666666666667,0.6416666666666667,0.6416666666666667,0.6416666666666667,61,0,0,0.6416666666666667,0.7458333333333333,0.10416666666666663
classification,white,8,32008,Data-Bandit,0.7416666666666667,0.7397222222222223,0.7416666666666667,0.7416666666666667,0.7416666666666667,2,1,0,0.7125,0.7208333333333333,-0.02083333333333337
classification,white,8,32008,Data-All,0.7208333333333333,0.7127777777777775,0.6875,0.7208333333333333,0.7208333333333333,17,1,1,0.7125,0.7208333333333333,0.0
classification,white,8,32008,Data-Alt,0.6833333333333333,0.6834027777777777,0.6833333333333333,0.6833333333333333,0.6833333333333333,61,0,0,0.7125,0.7208333333333333,0.03749999999999998
classification,white,8,32008,AutoML,0.7125,0.7108333333333333,0.7125,0.7125,0.7125,61,0,0,0.7125,0.7208333333333333,0.008333333333333304
classification,white,9,32009,Data-Bandit,0.7416666666666667,0.7415972222222224,0.75,0.7416666666666667,0.7416666666666667,2,1,0,0.6625,0.7375,-0.004166666666666652
classification,white,9,32009,Data-All,0.7375,0.7345138888888886,0.75,0.75,0.7375,7,1,1,0.6625,0.7375,0.0
classification,white,9,32009,Data-Alt,0.75,0.7496527777777777,0.75,0.75,0.75,2,1,0,0.6625,0.7375,-0.012499999999999956
classification,white,9,32009,AutoML,0.6625,0.6619444444444444,0.6625,0.6625,0.6625,61,0,0,0.6625,0.7375,0.07500000000000007
classification,white,10,32010,Data-Bandit,0.7416666666666667,0.7434027777777779,0.7416666666666667,0.7416666666666667,0.7416666666666667,2,1,0,0.6708333333333333,0.7666666666666667,0.025000000000000022
classification,white,10,32010,Data-All,0.7666666666666667,0.7565972222222221,0.7625,0.7666666666666667,0.7666666666666667,7,1,1,0.6708333333333333,0.7666666666666667,0.0
classification,white,10,32010,Data-Alt,0.7416666666666667,0.7481944444444445,0.7666666666666667,0.7666666666666667,0.7416666666666667,2,1,0,0.6708333333333333,0.7666666666666667,0.025000000000000022
classification,white,10,32010,AutoML,0.6708333333333333,0.6708333333333333,0.6708333333333333,0.6708333333333333,0.6708333333333333,61,0,0,0.6708333333333333,0.7666666666666667,0.09583333333333344
classification,white,11,32011,Data-Bandit,0.6833333333333333,0.6879861111111111,0.7458333333333333,0.6833333333333333,0.6833333333333333,8,1,0,0.6666666666666666,0.7291666666666666,0.04583333333333328
classification,white,11,32011,Data-All,0.7291666666666666,0.7174999999999999,0.6916666666666667,0.7291666666666666,0.7291666666666666,17,1,1,0.6666666666666666,0.7291666666666666,0.0
classification,white,11,32011,Data-Alt,0.7291666666666666,0.7256944444444443,0.7291666666666666,0.7291666666666666,0.7291666666666666,8,1,1,0.6666666666666666,0.7291666666666666,0.0
classification,white,11,32011,AutoML,0.6375,0.6394444444444447,0.6375,0.6375,0.6375,61,0,0,0.6666666666666666,0.7291666666666666,0.09166666666666667
classification,white,12,32012,Data-Bandit,0.7416666666666667,0.747013888888889,0.7666666666666667,0.7416666666666667,0.7416666666666667,3,1,1,0.675,0.7416666666666667,0.0
classification,white,12,32012,Data-All,0.7416666666666667,0.7369444444444445,0.7375,0.75,0.7416666666666667,11,1,1,0.675,0.7416666666666667,0.0
classification,white,12,32012,Data-Alt,0.7416666666666667,0.7438194444444445,0.75,0.7416666666666667,0.7416666666666667,3,1,1,0.675,0.7416666666666667,0.0
classification,white,12,32012,AutoML,0.675,0.6749999999999997,0.675,0.675,0.675,61,0,0,0.675,0.7416666666666667,0.06666666666666665
classification,white,13,32013,Data-Bandit,0.7541666666666667,0.7525000000000001,0.7541666666666667,0.7541666666666667,0.7541666666666667,2,1,0,0.6916666666666667,0.7375,-0.016666666666666607
classification,white,13,32013,Data-All,0.7375,0.7349999999999998,0.7625,0.7375,0.7375,7,1,1,0.6916666666666667,0.7375,0.0
classification,white,13,32013,Data-Alt,0.7375,0.7381944444444442,0.7375,0.7375,0.7375,2,1,1,0.6916666666666667,0.7375,0.0
classification,white,13,32013,AutoML,0.6875,0.6875,0.6875,0.6875,0.6875,61,0,0,0.6916666666666667,0.7375,0.050000000000000044
classification,white,14,32014,Data-Bandit,0.7166666666666667,0.713888888888889,0.7166666666666667,0.7166666666666667,0.7166666666666667,6,1,1,0.6541666666666667,0.7166666666666667,0.0
classification,white,14,32014,Data-All,0.7166666666666667,0.7040972222222223,0.6833333333333333,0.6958333333333333,0.7166666666666667,23,1,1,0.6541666666666667,0.7166666666666667,0.0
classification,white,14,32014,Data-Alt,0.7166666666666667,0.7123611111111112,0.7041666666666667,0.7166666666666667,0.7166666666666667,12,1,1,0.6541666666666667,0.7166666666666667,0.0
classification,white,14,32014,AutoML,0.6541666666666667,0.6538888888888891,0.6541666666666667,0.6541666666666667,0.6541666666666667,61,0,0,0.6541666666666667,0.7166666666666667,0.0625
regression,red,0,41000,Data-Bandit,0.5450212791060516,0.5449569482533909,0.5450075564547892,0.5450212791060516,0.5450212791060516,4,1,1,0.5110336545160892,0.5450212791060516,0.0
regression,red,0,41000,Data-All,0.5450212791060516,0.5439688710360551,0.5407004566045773,0.5452392231204837,0.5450212791060516,12,1,1,0.5110336545160892,0.5450212791060516,0.0
regression,red,0,41000,Data-Alt,0.5450212791060516,0.5440628666536946,0.5452472563185713,0.5457603236154679,0.5450212791060516,9,1,1,0.5110336545160892,0.5450212791060516,0.0
regression,red,0,41000,AutoML,0.5099810242676858,0.5100399110289751,0.5099810242676858,0.5099810242676858,0.5099810242676858,61,0,0,0.5110336545160892,0.5450212791060516,0.035040254838365814
regression,red,1,41001,Data-Bandit,0.5553461366923574,0.5549694818249494,0.5563788643839043,0.5553461366923574,0.5553461366923574,61,0,0,0.525603504569029,0.5615282292794812,0.006182092587123766
regression,red,1,41001,Data-All,0.5615282292794812,0.5559275117464005,0.5511713102168934,0.5615282292794812,0.5615282292794812,18,1,1,0.525603504569029,0.5615282292794812,0.0
regression,red,1,41001,Data-Alt,0.5615282292794812,0.5601124909928472,0.5615282292794812,0.5615282292794812,0.5615282292794812,9,1,1,0.525603504569029,0.5615282292794812,0.0
regression,red,1,41001,AutoML,0.525603504569029,0.5256035045690292,0.525603504569029,0.525603504569029,0.525603504569029,61,0,0,0.525603504569029,0.5615282292794812,0.03592472471045216
regression,red,2,41002,Data-Bandit,0.54734581468739,0.546535526960366,0.5473332373447868,0.54734581468739,0.54734581468739,61,0,0,0.523581392077371,0.5530692841339739,0.005723469446583973
regression,red,2,41002,Data-All,0.5530692841339739,0.5476185106827829,0.5432229044507535,0.5428342495179862,0.5530692841339739,24,1,1,0.523581392077371,0.5530692841339739,0.0
regression,red,2,41002,Data-Alt,0.5530692841339739,0.549964145852966,0.5428476169652066,0.5530692841339739,0.5530692841339739,18,1,1,0.523581392077371,0.5530692841339739,0.0
regression,red,2,41002,AutoML,0.5199294280718105,0.5201728923388479,0.5199294280718105,0.5199294280718105,0.5199294280718105,61,0,0,0.523581392077371,0.5530692841339739,0.03313985606216341
regression,red,3,41003,Data-Bandit,0.5398586837093888,0.5388774575184119,0.5398586837093888,0.5398586837093888,0.5398586837093888,4,1,0,0.5154492761675968,0.5378799777173456,-0.001978705992043195
regression,red,3,41003,Data-All,0.5378799777173456,0.532585296920098,0.5239432153747079,0.5285307217106787,0.5378799777173456,23,1,1,0.5154492761675968,0.5378799777173456,0.0
regression,red,3,41003,Data-Alt,0.5391722139878685,0.5354118954519304,0.5285630687750291,0.5391722139878685,0.5391722139878685,17,1,0,0.5154492761675968,0.5378799777173456,-0.001292236270522884
regression,red,3,41003,AutoML,0.5113881390835586,0.5116544305382106,0.5113881390835586,0.5113881390835586,0.5113881390835586,61,0,0,0.5154492761675968,0.5378799777173456,0.026491838633787013
regression,red,4,41004,Data-Bandit,0.5648490250831364,0.5637666754485977,0.5648490250831364,0.5648490250831364,0.5648490250831364,61,0,0,0.5195238970357506,0.5695015252516895,0.00465250016855312
regression,red,4,41004,Data-All,0.5695015252516895,0.5571830638949585,0.554876849565691,0.5540677702902121,0.5695015252516895,48,1,1,0.5195238970357506,0.5695015252516895,0.0
regression,red,4,41004,Data-Alt,0.56010873001724,0.5586093701529262,0.5540677702902121,0.56010873001724,0.56010873001724,61,0,0,0.5195238970357506,0.5695015252516895,0.00939279523444947
regression,red,4,41004,AutoML,0.5191651101006318,0.5191661624652746,0.5191651101006318,0.5191651101006318,0.5191651101006318,61,0,0,0.5195238970357506,0.5695015252516895,0.05033641515105769
regression,red,5,41005,Data-Bandit,0.5590682486623929,0.557228219743893,0.5560836350415196,0.5590682486623929,0.5590682486623929,20,1,1,0.5191258970493104,0.5590682486623929,0.0
regression,red,5,41005,Data-All,0.5590682486623929,0.5531413889944715,0.5481834717857134,0.5592541838410598,0.5590682486623929,18,1,1,0.5191258970493104,0.5590682486623929,0.0
regression,red,5,41005,Data-Alt,0.5606684981270037,0.5587554579067009,0.5592541838410598,0.5606684981270037,0.5606684981270037,9,1,0,0.5191258970493104,0.5590682486623929,-0.0016002494646107923
regression,red,5,41005,AutoML,0.5176512153199797,0.5177741054640905,0.5176512153199797,0.5176512153199797,0.5176512153199797,61,0,0,0.5191258970493104,0.5590682486623929,0.0414170333424132
regression,red,6,41006,Data-Bandit,0.5579817658405257,0.5572097210852875,0.5579817658405257,0.5579817658405257,0.5579817658405257,3,1,1,0.5183331329799944,0.5579817658405257,0.0
regression,red,6,41006,Data-All,0.5579817658405257,0.553529235450683,0.5530423937039827,0.5600521918697859,0.5579817658405257,13,1,1,0.5183331329799944,0.5579817658405257,0.0
regression,red,6,41006,Data-Alt,0.5579817658405257,0.5575574723094586,0.5600521918697859,0.5579817658405257,0.5579817658405257,3,1,1,0.5183331329799944,0.5579817658405257,0.0
regression,red,6,41006,AutoML,0.5168759518037874,0.5168759518037874,0.5168759518037874,0.5168759518037874,0.5168759518037874,61,0,0,0.5183331329799944,0.5579817658405257,0.0411058140367383
regression,red,7,41007,Data-Bandit,0.5490311393890992,0.5483720388579271,0.5489499928975716,0.5490311393890992,0.5490311393890992,9,1,0,0.5225658677945609,0.5525025566069292,0.003471417217829953
regression,red,7,41007,Data-All,0.5525025566069292,0.5469142079670001,0.5425607746711164,0.5467299561096007,0.5525025566069292,24,1,1,0.5225658677945609,0.5525025566069292,0.0
regression,red,7,41007,Data-Alt,0.5490311393890992,0.5480620516153764,0.5467299561096007,0.5501256412952985,0.5490311393890992,21,1,0,0.5225658677945609,0.5525025566069292,0.003471417217829953
regression,red,7,41007,AutoML,0.5171736139188577,0.5171736139188576,0.5171736139188577,0.5171736139188577,0.5171736139188577,61,0,0,0.5225658677945609,0.5525025566069292,0.03532894268807141
regression,red,8,41008,Data-Bandit,0.5579718633218036,0.5537759065144227,0.5492475438806257,0.5579718633218036,0.5579718633218036,20,1,1,0.5173326755172539,0.5579718633218036,0.0
regression,red,8,41008,Data-All,0.5579718633218036,0.5476573500221528,0.5384774264744195,0.5489440479234152,0.5579718633218036,48,1,1,0.5173326755172539,0.5579718633218036,0.0
regression,red,8,41008,Data-Alt,0.5579718633218036,0.5532930852767547,0.5489440479234152,0.5518317381621682,0.5579718633218036,27,1,1,0.5173326755172539,0.5579718633218036,0.0
regression,red,8,41008,AutoML,0.5173326755172539,0.5172433621217564,0.5173326755172539,0.5173326755172539,0.5173326755172539,61,0,0,0.5173326755172539,0.5579718633218036,0.04063918780454967
regression,red,9,41009,Data-Bandit,0.5511781051482755,0.5511446997929514,0.5541036759905932,0.5511781051482755,0.5511781051482755,2,1,0,0.5296535455950032,0.5453842221818963,-0.005793882966379171
regression,red,9,41009,Data-All,0.5453842221818963,0.5489123299292249,0.5527215409206103,0.5576220629341634,0.5453842221818963,7,1,1,0.5296535455950032,0.5453842221818963,0.0
regression,red,9,41009,Data-Alt,0.5487625216276024,0.5503019005713792,0.5576220629341634,0.5487625216276024,0.5487625216276024,2,1,0,0.5296535455950032,0.5453842221818963,-0.003378299445706112
regression,red,9,41009,AutoML,0.5296535455950032,0.5293624993717623,0.5296535455950032,0.5296535455950032,0.5296535455950032,61,0,0,0.5296535455950032,0.5453842221818963,0.01573067658689309
regression,red,10,41010,Data-Bandit,0.5462384982955832,0.5462399489055928,0.550393030198757,0.5462384982955832,0.5462384982955832,10,1,0,0.5242720560526873,0.5513741785382298,0.005135680242646545
regression,red,10,41010,Data-All,0.5513741785382298,0.5460528067262868,0.5458592573385205,0.5462384982955832,0.5513741785382298,30,1,1,0.5242720560526873,0.5513741785382298,0.0
regression,red,10,41010,Data-Alt,0.5511428995050525,0.549110261229702,0.5462384982955832,0.5511288181423293,0.5511428995050525,20,1,0,0.5242720560526873,0.5513741785382298,0.0002312790331773229
regression,red,10,41010,AutoML,0.5178914215760035,0.5178914215760035,0.5178914215760035,0.5178914215760035,0.5178914215760035,61,0,0,0.5242720560526873,0.5513741785382298,0.033482756962226246
regression,red,11,41011,Data-Bandit,0.5500132007150011,0.5477116392178718,0.5447490011118274,0.5500132007150011,0.5500132007150011,20,1,1,0.525338243225716,0.5500132007150011,0.0
regression,red,11,41011,Data-All,0.5500132007150011,0.5393013510128356,0.5365292690970874,0.5409927078868478,0.5500132007150011,60,1,1,0.525338243225716,0.5500132007150011,0.0
regression,red,11,41011,Data-Alt,0.5500132007150011,0.5445262891675863,0.5409927078868478,0.5391409471177389,0.5500132007150011,34,1,1,0.525338243225716,0.5500132007150011,0.0
regression,red,11,41011,AutoML,0.525338243225716,0.5248926684634733,0.525338243225716,0.525338243225716,0.525338243225716,61,0,0,0.525338243225716,0.5500132007150011,0.024674957489285165
regression,red,12,41012,Data-Bandit,0.5608303486830871,0.5599477175270914,0.5608303486830871,0.5608303486830871,0.5608303486830871,5,1,1,0.529150856891281,0.5608303486830871,0.0
regression,red,12,41012,Data-All,0.5608303486830871,0.5560551571222903,0.5549416286262393,0.5586884626430122,0.5608303486830871,24,1,1,0.529150856891281,0.5608303486830871,0.0
regression,red,12,41012,Data-Alt,0.5608303486830871,0.5591753374089089,0.5586884626430122,0.5608303486830871,0.5608303486830871,18,1,1,0.529150856891281,0.5608303486830871,0.0
regression,red,12,41012,AutoML,0.529150856891281,0.5288219291274963,0.529150856891281,0.529150856891281,0.529150856891281,61,0,0,0.529150856891281,0.5608303486830871,0.03167949179180607
regression,red,13,41013,Data-Bandit,0.5723656913367704,0.5711091700644438,0.5723656913367704,0.5723656913367704,0.5723656913367704,3,1,0,0.5211683152818549,0.5629026478906467,-0.009463043446123698
regression,red,13,41013,Data-All,0.5629026478906467,0.5620187453533503,0.5673662622877877,0.5761399646888958,0.5629026478906467,7,1,1,0.5211683152818549,0.5629026478906467,0.0
regression,red,13,41013,Data-Alt,0.5688735223961064,0.5696635403703432,0.5761399646888958,0.5688735223961064,0.5688735223961064,2,1,0,0.5211683152818549,0.5629026478906467,-0.0059708745054597445
regression,red,13,41013,AutoML,0.5190945309940413,0.5191981173992946,0.5190945309940413,0.5190945309940413,0.5190945309940413,61,0,0,0.5211683152818549,0.5629026478906467,0.043808116896605354
regression,red,14,41014,Data-Bandit,0.5574217043341525,0.5539714037969816,0.5410328110826987,0.5574217043341525,0.5574217043341525,61,0,0,0.5271147401259746,0.565871710665836,0.008450006331683468
regression,red,14,41014,Data-All,0.565871710665836,0.5510469442116576,0.5474577858497688,0.5532812644113212,0.565871710665836,60,1,1,0.5271147401259746,0.565871710665836,0.0
regression,red,14,41014,Data-Alt,0.5574217043341525,0.5550737097342118,0.5532812644113212,0.5574217043341525,0.5574217043341525,61,0,0,0.5271147401259746,0.565871710665836,0.008450006331683468
regression,red,14,41014,AutoML,0.5226950341214447,0.5226950341214447,0.5226950341214447,0.5226950341214447,0.5226950341214447,61,0,0,0.5271147401259746,0.565871710665836,0.04317667654439128
regression,white,0,42000,Data-Bandit,0.5184824297578488,0.5184648672404866,0.5184824297578488,0.5184824297578488,0.5184824297578488,2,1,0,0.5075868394876264,0.525461390478792,0.006978960720943284
regression,white,0,42000,Data-All,0.525461390478792,0.5238548333162569,0.5283929380994105,0.525461390478792,0.525461390478792,7,1,1,0.5075868394876264,0.525461390478792,0.0
regression,white,0,42000,Data-Alt,0.5184824297578488,0.5193619042485865,0.5184824297578488,0.5184824297578488,0.5184824297578488,2,1,0,0.5075868394876264,0.525461390478792,0.006978960720943284
regression,white,0,42000,AutoML,0.5075868394876264,0.5075868394876264,0.5075868394876264,0.5075868394876264,0.5075868394876264,61,0,0,0.5075868394876264,0.525461390478792,0.01787455099116564
regression,white,1,42001,Data-Bandit,0.5321651666770161,0.531578290587605,0.5322327925275996,0.5321651666770161,0.5321651666770161,61,0,0,0.5043501622039751,0.5433760506625284,0.011210883985512288
regression,white,1,42001,Data-All,0.5433760506625284,0.5341363446360994,0.5271424596928151,0.5316697580881375,0.5433760506625284,47,1,1,0.5043501622039751,0.5433760506625284,0.0
regression,white,1,42001,Data-Alt,0.5433760506625284,0.5378055991968075,0.5316390503964546,0.5315850697714761,0.5433760506625284,26,1,1,0.5043501622039751,0.5433760506625284,0.0
regression,white,1,42001,AutoML,0.5028943974078617,0.5028943974078616,0.5028943974078617,0.5028943974078617,0.5028943974078617,61,0,0,0.5043501622039751,0.5433760506625284,0.04048165325466668
regression,white,2,42002,Data-Bandit,0.5336765089820534,0.5333351327853113,0.5336765089820534,0.5336765089820534,0.5336765089820534,3,1,0,0.5090819060570232,0.5355747573427904,0.0018982483607369316
regression,white,2,42002,Data-All,0.5355747573427904,0.5326967824071579,0.5335801343986948,0.5355747573427904,0.5355747573427904,13,1,1,0.5090819060570232,0.5355747573427904,0.0
regression,white,2,42002,Data-Alt,0.5355747573427904,0.5351072658278809,0.5355747573427904,0.5355747573427904,0.5355747573427904,3,1,1,0.5090819060570232,0.5355747573427904,0.0
regression,white,2,42002,AutoML,0.5090645946190792,0.5090654319077672,0.5090645946190792,0.5090645946190792,0.5090645946190792,61,0,0,0.5090819060570232,0.5355747573427904,0.026510162723711206
regression,white,3,42003,Data-Bandit,0.5319703950117011,0.531302448199182,0.5344299963284919,0.5319703950117011,0.5319703950117011,3,1,0,0.49967764409360194,0.5257250926038182,-0.006245302407882902
regression,white,3,42003,Data-All,0.5257250926038182,0.523009552768768,0.5230226236490365,0.526356569635181,0.5257250926038182,11,1,1,0.49967764409360194,0.5257250926038182,0.0
regression,white,3,42003,Data-Alt,0.5257250926038182,0.5252818901318582,0.526317795609556,0.5257250926038182,0.5257250926038182,3,1,1,0.49967764409360194,0.5257250926038182,0.0
regression,white,3,42003,AutoML,0.49967764409360194,0.49946192553971064,0.49967764409360194,0.49967764409360194,0.49967764409360194,61,0,0,0.49967764409360194,0.5257250926038182,0.02604744851021623
regression,white,4,42004,Data-Bandit,0.5109912158109976,0.510821276005363,0.5109944626733727,0.5109912158109976,0.5109912158109976,61,0,0,0.5052772617117303,0.5167175157174126,0.005726299906415044
regression,white,4,42004,Data-All,0.5167175157174126,0.5111729757217948,0.5100233493481355,0.5125797209644201,0.5167175157174126,60,1,1,0.5052772617117303,0.5167175157174126,0.0
regression,white,4,42004,Data-Alt,0.5109912158109976,0.5107831816164833,0.510917484757672,0.5109912158109976,0.5109912158109976,61,0,0,0.5052772617117303,0.5167175157174126,0.005726299906415044
regression,white,4,42004,AutoML,0.4995376943628195,0.4995322775544853,0.4995376943628195,0.4995376943628195,0.4995376943628195,61,0,0,0.5052772617117303,0.5167175157174126,0.017179821354593172
regression,white,5,42005,Data-Bandit,0.5439405687406048,0.5402701493697332,0.5327317919044983,0.5439405687406048,0.5439405687406048,20,1,1,0.5037098817784829,0.5439405687406048,0.0
regression,white,5,42005,Data-All,0.5439405687406048,0.5360149244838533,0.5277344250521991,0.5421131371057218,0.5439405687406048,12,1,1,0.5037098817784829,0.5439405687406048,0.0
regression,white,5,42005,Data-Alt,0.5439405687406048,0.5375216688077533,0.5291093553190557,0.5326277000075434,0.5439405687406048,27,1,1,0.5037098817784829,0.5439405687406048,0.0
regression,white,5,42005,AutoML,0.5036851258588305,0.5036851258588304,0.5036851258588305,0.5036851258588305,0.5036851258588305,61,0,0,0.5037098817784829,0.5439405687406048,0.040255442881774295
regression,white,6,42006,Data-Bandit,0.5478306963882108,0.54609942407849,0.5450997054057781,0.5478306963882108,0.5478306963882108,20,1,0,0.5175997772982159,0.5487532678997961,0.0009225715115852573
regression,white,6,42006,Data-All,0.5487532678997961,0.5434243802986352,0.5399458589646028,0.5505361245257642,0.5487532678997961,11,1,1,0.5175997772982159,0.5487532678997961,0.0
regression,white,6,42006,Data-Alt,0.5487532678997961,0.5463542945491491,0.5505361245257642,0.546516387223584,0.5487532678997961,9,1,1,0.5175997772982159,0.5487532678997961,0.0
regression,white,6,42006,AutoML,0.5175997772982159,0.5169806269367295,0.5175997772982159,0.5175997772982159,0.5175997772982159,61,0,0,0.5175997772982159,0.5487532678997961,0.031153490601580125
regression,white,7,42007,Data-Bandit,0.5499510491991864,0.5489286148612501,0.5499510491991864,0.5499510491991864,0.5499510491991864,2,1,1,0.5045498013442651,0.5499510491991864,0.0
regression,white,7,42007,Data-All,0.5499510491991864,0.5419698682390283,0.5357600147974795,0.548634962515154,0.5499510491991864,12,1,1,0.5045498013442651,0.5499510491991864,0.0
regression,white,7,42007,Data-Alt,0.5580217317016427,0.549955701418418,0.548634962515154,0.5446108163566248,0.5580217317016427,9,1,0,0.5045498013442651,0.5499510491991864,-0.00807068250245635
regression,white,7,42007,AutoML,0.5041445821077435,0.5041445821077434,0.5041445821077435,0.5041445821077435,0.5041445821077435,61,0,0,0.5045498013442651,0.5499510491991864,0.04580646709144287
regression,white,8,42008,Data-Bandit,0.5273581622840582,0.5282031126075348,0.5298375944298755,0.5273581622840582,0.5273581622840582,2,1,0,0.5126255669873213,0.5331100315429831,0.005751869258924902
regression,white,8,42008,Data-All,0.5331100315429831,0.5322239231633594,0.5308442598991464,0.5333120829016003,0.5331100315429831,11,1,1,0.5126255669873213,0.5331100315429831,0.0
regression,white,8,42008,Data-Alt,0.5273581622840582,0.5296621046985615,0.5333104609127212,0.5386435589111885,0.5273581622840582,3,1,0,0.5126255669873213,0.5331100315429831,0.005751869258924902
regression,white,8,42008,AutoML,0.5126255669873213,0.5125642011941196,0.5126255669873213,0.5126255669873213,0.5126255669873213,61,0,0,0.5126255669873213,0.5331100315429831,0.020484464555661774
regression,white,9,42009,Data-Bandit,0.5270707761280041,0.5264567018170959,0.5266440366817151,0.5270707761280041,0.5270707761280041,2,1,1,0.49589698755615275,0.5270707761280041,0.0
regression,white,9,42009,Data-All,0.5270707761280041,0.523770446049775,0.5267435530824945,0.5270707761280041,0.5270707761280041,7,1,1,0.49589698755615275,0.5270707761280041,0.0
regression,white,9,42009,Data-Alt,0.5270707761280041,0.5264742436786648,0.5270707761280041,0.5270707761280041,0.5270707761280041,2,1,1,0.49589698755615275,0.5270707761280041,0.0
regression,white,9,42009,AutoML,0.49589698755615275,0.49574665623783776,0.49589698755615275,0.49589698755615275,0.49589698755615275,61,0,0,0.49589698755615275,0.5270707761280041,0.03117378857185138
regression,white,10,42010,Data-Bandit,0.5620219818440341,0.5606756545724123,0.5620219818440341,0.5620219818440341,0.5620219818440341,4,1,1,0.5137870156055903,0.5620219818440341,0.0
regression,white,10,42010,Data-All,0.5620219818440341,0.5528298019674235,0.5464349807749452,0.5482774399250795,0.5620219818440341,24,1,1,0.5137870156055903,0.5620219818440341,0.0
regression,white,10,42010,Data-Alt,0.5620219818440341,0.5557878941725659,0.5482774399250795,0.5482774399250795,0.5620219818440341,26,1,1,0.5137870156055903,0.5620219818440341,0.0
regression,white,10,42010,AutoML,0.5136064274357294,0.5136162254927945,0.5136064274357294,0.5136064274357294,0.5136064274357294,61,0,0,0.5137870156055903,0.5620219818440341,0.048415554408304695
regression,white,11,42011,Data-Bandit,0.5480487917936864,0.5457258099693695,0.5412564663835865,0.5480487917936864,0.5480487917936864,14,1,1,0.49465894182573183,0.5480487917936864,0.0
regression,white,11,42011,Data-All,0.5480487917936864,0.5360356499306987,0.5297027156579989,0.5412564663835865,0.5480487917936864,54,1,1,0.49465894182573183,0.5480487917936864,0.0
regression,white,11,42011,Data-Alt,0.5412564663835865,0.5393624010171377,0.5412564663835865,0.5412564663835865,0.5412564663835865,61,0,0,0.49465894182573183,0.5480487917936864,0.0067923254100998864
regression,white,11,42011,AutoML,0.49465894182573183,0.49456258085692234,0.49465894182573183,0.49465894182573183,0.49465894182573183,61,0,0,0.49465894182573183,0.5480487917936864,0.05338984996795454
regression,white,12,42012,Data-Bandit,0.5334510948400027,0.5341172934766735,0.5446765966598731,0.5334510948400027,0.5334510948400027,2,1,0,0.5137371088574331,0.5281628875336065,-0.005288207306396231
regression,white,12,42012,Data-All,0.5281628875336065,0.5351067215774459,0.5329742673510196,0.537825851339858,0.5281628875336065,7,1,1,0.5137371088574331,0.5281628875336065,0.0
regression,white,12,42012,Data-Alt,0.5281628875336065,0.5309784913169151,0.5329167705248146,0.5378935019234609,0.5281628875336065,2,1,1,0.5137371088574331,0.5281628875336065,0.0
regression,white,12,42012,AutoML,0.5137371088574331,0.51344921673576,0.5137371088574331,0.5137371088574331,0.5137371088574331,61,0,0,0.5137371088574331,0.5281628875336065,0.01442577867617345
regression,white,13,42013,Data-Bandit,0.5409002137847712,0.5435307022520856,0.5605939574453999,0.5409002137847712,0.5409002137847712,3,1,1,0.5061821876216629,0.5409002137847712,0.0
regression,white,13,42013,Data-All,0.5409002137847712,0.5370954599220142,0.5343089043341254,0.5435471013660254,0.5409002137847712,11,1,1,0.5061821876216629,0.5409002137847712,0.0
regression,white,13,42013,Data-Alt,0.5409002137847712,0.5405457421196573,0.5435471013660254,0.5456969870916036,0.5409002137847712,8,1,1,0.5061821876216629,0.5409002137847712,0.0
regression,white,13,42013,AutoML,0.5020287850715167,0.5020015000542893,0.5020287850715167,0.5020287850715167,0.5020287850715167,61,0,0,0.5061821876216629,0.5409002137847712,0.03887142871325444
regression,white,14,42014,Data-Bandit,0.5546555193266056,0.5523732348157108,0.5546555193266056,0.5546555193266056,0.5546555193266056,10,1,1,0.5096866031602221,0.5546555193266056,0.0
regression,white,14,42014,Data-All,0.5546555193266056,0.5419840879484676,0.546152721386918,0.5433080313510492,0.5546555193266056,60,1,1,0.5096866031602221,0.5546555193266056,0.0
regression,white,14,42014,Data-Alt,0.5433080313510492,0.5430081330738974,0.5433080313510492,0.5433080313510492,0.5433080313510492,61,0,0,0.5096866031602221,0.5546555193266056,0.011347487975556403
regression,white,14,42014,AutoML,0.5022572174640085,0.5028727046424806,0.5022572174640085,0.5022572174640085,0.5022572174640085,61,0,0,0.5096866031602221,0.5546555193266056,0.052398301862597085
